{
    "lpi": {
        "imp": {
            "bagging_fraction": 0.3668782475691749,
            "bagging_freq": 0.4746913100403795,
            "feature_fraction": 2.4738189457610032e-30,
            "lambda_l1": 2.4738189457610032e-30,
            "lambda_l2": 0.08564791337514752,
            "max_bin": 2.4738189457610032e-30,
            "max_depth": 2.4738189457610032e-30,
            "min_data_in_leaf": 0.014159918817128083,
            "min_gain_to_split": 2.4738189457610032e-30,
            "num_leaves": 0.05862261019817005
        },
        "order": [
            "bagging_freq",
            "bagging_fraction",
            "lambda_l2",
            "num_leaves",
            "min_data_in_leaf",
            "feature_fraction",
            "lambda_l1",
            "max_bin",
            "max_depth",
            "min_gain_to_split"
        ]
    }
}action": 0.010728568618686755,
            "lambda_l1": 0.0030518499840466607,
            "lambda_l2": 0.252748045179555,
            "max_bin": 0.018567373056978632,
            "max_depth": 5.776594996907516e-05,
            "min_data_in_leaf": 0.04458705252416738,
            "min_gain_to_split": 0.002562418043637825,
            "num_leaves": 0.0034184293811832535
        },
        "order": [
            "bagging_fraction",
            "lambda_l2",
            "bagging_freq",
            "min_data_in_leaf",
            "max_bin",
            "feature_fraction",
            "num_leaves",
            "lambda_l1",
            "min_gain_to_split",
            "max_depth",
            "['bagging_fraction', 'lambda_l2']",
            "['bagging_fraction', 'bagging_freq']",
            "['bagging_fraction', 'min_data_in_leaf']",
            "['bagging_fraction', 'max_bin']",
            "['lambda_l2', 'bagging_freq']",
            "['lambda_l2', 'min_data_in_leaf']",
            "['lambda_l2', 'max_bin']",
            "['bagging_freq', 'min_data_in_leaf']",
            "['bagging_freq', 'max_bin']",
            "['min_data_in_leaf', 'max_bin']"
        ]
    }
}