{"cpu_time": -1, "total_cpu_time": null, "wallclock_time": 0.2241525650024414, "evaluations": 0, "cost": 0.016394417783042292, "incumbent": ["bagging_fraction='0.42045415968754385'", "bagging_freq='28'", "feature_fraction='0.04804360634481142'", "lambda_l1='0.011508190995820677'", "lambda_l2='0.03638778321552116'", "max_bin='44'", "max_depth='6'", "min_data_in_leaf='2'", "min_gain_to_split='0.14572894546695525'", "num_leaves='8'"], "origin": "Random"}
{"cpu_time": -1, "total_cpu_time": null, "wallclock_time": 0.5253603458404541, "evaluations": 0, "cost": 0.009858933934832392, "incumbent": ["bagging_fraction='0.36974920946104817'", "bagging_freq='9'", "feature_fraction='0.7108816152261718'", "lambda_l1='0.9834379643734483'", "lambda_l2='0.2384409477787267'", "max_bin='50'", "max_depth='7'", "min_data_in_leaf='7'", "min_gain_to_split='0.06074842475697917'", "num_leaves='48'"], "origin": "Random"}
{"cpu_time": -1, "total_cpu_time": null, "wallclock_time": 1.3179066181182861, "evaluations": 0, "cost": 0.007072276312194203, "incumbent": ["bagging_fraction='0.681699250740779'", "bagging_freq='4'", "feature_fraction='0.6776155494024134'", "lambda_l1='0.3827811844796578'", "lambda_l2='0.5834950575794121'", "max_bin='47'", "max_depth='7'", "min_data_in_leaf='8'", "min_gain_to_split='0.31429979846811895'", "num_leaves='33'"], "origin": "Random"}
{"cpu_time": -1, "total_cpu_time": null, "wallclock_time": 21.50895929336548, "evaluations": 0, "cost": 0.007072276312194203, "incumbent": ["bagging_fraction='0.681699250740779'", "bagging_freq='4'", "feature_fraction='0.6776155494024134'", "lambda_l1='0.3827811844796578'", "lambda_l2='0.5834950575794121'", "max_bin='47'", "max_depth='7'", "min_data_in_leaf='8'", "min_gain_to_split='0.31429979846811895'", "num_leaves='33'"], "origin": "Random"}
