{"cpu_time": -1, "total_cpu_time": null, "wallclock_time": 11.380837440490723, "evaluations": 0, "cost": 0.007072276312194203, "incumbent": ["bagging_fraction='0.681699250740779'", "bagging_freq='4'", "feature_fraction='0.6776155494024134'", "lambda_l1='0.3827811844796578'", "lambda_l2='0.5834950575794121'", "max_bin='47'", "max_depth='7'", "min_data_in_leaf='8'", "min_gain_to_split='0.31429979846811895'", "num_leaves='33'"], "origin": "Random"}
{"cpu_time": -1, "total_cpu_time": null, "wallclock_time": 21.50895929336548, "evaluations": 0, "cost": 0.007072276312194203, "incumbent": ["bagging_fraction='0.681699250740779'", "bagging_freq='4'", "feature_fraction='0.6776155494024134'", "lambda_l1='0.3827811844796578'", "lambda_l2='0.5834950575794121'", "max_bin='47'", "max_depth='7'", "min_data_in_leaf='8'", "min_gain_to_split='0.31429979846811895'", "num_leaves='33'"], "origin": "Random"}
